ETL_LOAD_DATE,ETL_LOAD_IS_ACTIVE_FLAG,CTY_SCR_DAY_AGG,CTY_SCR_WEEK_AGG,CTY_SCR_MONTH_AGG,CTY_SCR_QUARTER_AGG
2016-12-02 00:00:00,N,1.1340932,1.2012726,1.2499555,1.2347329
2018-02-26 00:00:00,N,.9838930,1.1972875,1.1960125,1.1651872
2016-02-09 00:00:00,N,1.4011311,1.3070505,1.4961013,1.3426457
2019-01-03 00:00:00,N,1.0208220,1.1091131,1.2402429,1.2957378
2017-10-09 00:00:00,N,1.0312507,1.0638487,1.1595405,1.1835428
2018-04-24 00:00:00,N,1.0929616,1.4710676,1.1931731,1.2394322
2019-03-01 00:00:00,N,1.1564232,1.1895057,1.2665852,1.2872997
2016-04-06 00:00:00,N,1.2468318,1.2424854,1.5096212,1.3869271
2017-12-05 00:00:00,N,1.0859483,1.2994656,1.2206061,1.1722787
2018-06-20 00:00:00,N,1.1933235,1.6838874,1.2661426,1.1889858
2016-10-20 00:00:00,N,1.1340392,1.1545774,1.2253932,1.2788547
2016-06-02 00:00:00,N,1.1686116,1.3348610,1.4641707,1.4528804
2018-01-31 00:00:00,N,1.0716089,1.2198330,1.2812207,1.1735361
2016-12-16 00:00:00,N,1.0867557,1.1755790,1.4040814,1.2120369
2018-08-16 00:00:00,N,1.1075102,1.1954797,1.2529437,1.2291696
2016-07-29 00:00:00,N,1.2147463,1.2239705,2.0130351,1.3021429
2017-10-23 00:00:00,N,.9621400,1.2245865,1.2671559,1.1994517
2018-10-12 00:00:00,N,1.0754749,.9926274,1.0502613,1.1745153
2017-12-19 00:00:00,N,1.0401099,1.1329743,1.1520825,1.1803162
2018-02-14 00:00:00,N,1.1816618,1.3561188,1.3097345,1.1727219
2017-06-05 00:00:00,N,1.0957379,1.0805900,1.1394522,1.2104924
2016-03-11 00:00:00,N,1.1895718,1.2379420,1.3527817,1.3783881
2018-04-12 00:00:00,N,1.0987176,1.2838607,1.1891383,1.2169676
2017-01-16 00:00:00,N,1.0593086,1.4016125,1.4291943,1.2432378
2018-10-26 00:00:00,N,.9918736,1.0871737,1.0719937,1.1660357
2017-08-01 00:00:00,N,1.1882465,1.1831494,1.1744556,1.1609859
2018-06-08 00:00:00,N,1.0420222,1.6876300,1.2129682,1.1952380
2017-03-14 00:00:00,N,1.1357835,1.2860283,1.3297163,1.3688907
2017-09-27 00:00:00,N,1.1049306,1.1234770,1.1395065,1.1509206
2017-05-10 00:00:00,N,1.0768811,1.1140243,1.1049650,1.2444550
2016-08-29 00:00:00,N,1.1526763,1.1534731,1.3598509,1.2984587
2017-11-23 00:00:00,N,1.1775559,1.3162794,1.2441442,1.1863629
2017-07-06 00:00:00,N,1.1020957,1.2058680,1.1717641,1.1506512
2016-10-25 00:00:00,N,1.1489230,1.2982221,1.2612973,1.2755920
2018-01-19 00:00:00,N,1.1220206,1.1342485,1.1491991,1.1418752
2017-09-01 00:00:00,N,1.1145661,1.1676590,1.2178481,1.1700458
2018-11-26 00:00:00,N,.7825347,1.1932875,1.4032129,1.1603173
2016-12-21 00:00:00,N,1.0899977,1.2216564,1.4238984,1.2204828
2019-01-22 00:00:00,N,1.3488003,1.4467301,1.2328126,1.2526427
2016-09-12 00:00:00,N,1.2297078,1.1589429,1.2765556,1.3229639
2016-04-25 00:00:00,N,1.0611190,1.1792553,1.8256169,1.4359806
2019-03-20 00:00:00,N,1.1603796,1.1311521,1.6640317,1.3017744
2018-07-09 00:00:00,N,.9955107,1.1285961,1.2702116,1.2289808
2016-11-08 00:00:00,N,1.2005830,1.1770682,1.2034893,1.2224626
2016-06-21 00:00:00,N,1.1944317,1.1092294,1.1832953,1.2699484
2018-09-04 00:00:00,N,1.0791954,1.0793244,1.3599020,1.2590876
2017-01-04 00:00:00,N,1.1193183,1.3608752,1.2964832,1.2071814
2016-08-17 00:00:00,N,1.3381722,1.3527144,2.0822834,1.3253084
2018-10-31 00:00:00,N,1.0760815,1.1429092,1.1045349,1.1788054
2017-03-02 00:00:00,N,1.1062146,1.0610052,1.3991583,1.3475872
2016-10-13 00:00:00,N,1.2034502,1.1040887,1.1811268,1.2664398
2018-12-27 00:00:00,N,1.1288653,1.4713659,1.2716122,1.2612167
2016-02-02 00:00:00,N,1.2235318,1.4073745,1.4761989,1.3388069
2017-04-28 00:00:00,N,1.0699979,1.1190741,1.2357507,1.3335652
2018-03-05 00:00:00,N,1.0202260,1.0731346,1.2089056,1.1687224
2016-12-09 00:00:00,N,.9875722,1.2191172,1.4143842,1.2281248
2016-03-30 00:00:00,N,1.2557059,1.3568378,1.5026658,1.3532285
2019-02-22 00:00:00,N,1.1163630,1.7071408,1.3521076,1.2569988
2018-05-01 00:00:00,N,1.0701733,1.1744091,1.2461817,1.2193526
2016-05-26 00:00:00,N,1.2722789,1.3392145,1.4324245,1.5380313
2018-11-14 00:00:00,N,.9813620,3.9021710,1.9587343,1.1717978
2018-06-27 00:00:00,N,1.0791649,1.1161988,1.2076449,1.2011937
2016-07-22 00:00:00,N,1.0807925,1.1338271,1.5308296,1.2672246
2017-10-16 00:00:00,N,.9759240,1.1862113,1.2356290,1.1807669
2019-01-10 00:00:00,N,1.0872606,1.3388912,1.2294788,1.1827921
2018-08-23 00:00:00,N,1.2120942,1.2795069,1.3076812,1.2332596
2017-05-29 00:00:00,N,.9811244,1.1098816,1.1667589,1.2353831
2019-03-08 00:00:00,N,.9623133,1.3193817,1.4135928,1.2836061
2017-12-12 00:00:00,N,1.1633229,1.1184770,1.1683273,1.1788673
2018-10-19 00:00:00,N,1.0432130,1.0991872,1.0637302,1.1508571
2017-07-25 00:00:00,N,1.2148533,1.3964954,1.1517246,1.1434889
2018-02-07 00:00:00,N,1.0455588,1.0609206,1.2168607,1.1750528
2016-01-21 00:00:00,N,1.2911505,1.2414014,1.3973152,1.2764719
2017-09-20 00:00:00,N,1.0324316,1.0004060,1.1434980,1.1564277
2017-01-09 00:00:00,N,1.0592714,1.0584548,1.2834982,1.2307540
2018-04-05 00:00:00,N,1.1902839,1.0426022,1.2676951,1.2169163
2016-03-18 00:00:00,N,1.1804919,1.6694566,2.0069755,1.4001987
2017-11-16 00:00:00,N,1.1314577,1.2133277,1.2578547,1.1927727
2018-06-01 00:00:00,N,1.1492130,1.3421643,1.2287374,1.2356569
2019-04-08 00:00:00,N,1.1761685,1.1062569,1.1344339,1.4084686
2018-01-12 00:00:00,N,1.0086499,1.2370587,1.2827920,1.1735972
2017-10-04 00:00:00,N,1.1679754,1.1454497,1.1122127,1.1555996
2017-01-23 00:00:00,N,1.1930491,1.1960011,1.5526665,1.2432439
2016-09-05 00:00:00,N,1.1477608,1.2465743,1.2785199,1.3150103
2017-11-30 00:00:00,N,1.1201510,1.3052804,1.2149672,1.1766418
2018-11-19 00:00:00,N,1.1702752,.9815440,1.1187090,1.1841868
2017-03-21 00:00:00,N,1.0739790,1.1663906,1.3877102,1.4057691
2016-11-01 00:00:00,N,1.0313911,1.2859254,1.2006450,1.2367733
2018-01-26 00:00:00,N,1.0749965,1.2870169,1.1963114,1.1497572
2017-05-17 00:00:00,N,1.6044739,1.1328128,1.1061826,1.2122099
2019-01-15 00:00:00,N,1.1258657,1.1922433,1.1813688,1.2224342
2016-12-28 00:00:00,N,1.2043809,1.1109403,1.2897931,1.2262517
2016-04-18 00:00:00,N,1.2334824,1.6202371,1.4021687,1.4752774
2017-07-13 00:00:00,N,1.2672896,1.1808401,1.1286606,1.1326936
2017-02-23 00:00:00,N,1.1892292,1.3126755,1.3833456,1.3595485
2018-12-03 00:00:00,N,.9728194,1.0165380,1.7923664,1.1722866
2016-06-14 00:00:00,N,1.1732007,1.2971514,1.2779445,1.3662056
2017-09-08 00:00:00,N,1.2226038,1.3704923,1.1882668,1.1721387
2018-07-16 00:00:00,N,1.0256003,1.0782906,1.2124598,1.2180822
2017-04-21 00:00:00,N,1.2566809,1.1997431,1.6589879,1.4105991
2016-08-10 00:00:00,N,1.0669323,1.1593924,1.1448020,1.3071110
2019-01-29 00:00:00,N,1.1558981,1.1462713,1.2841483,1.2323655
2018-09-11 00:00:00,N,1.1029657,1.2935203,1.2580834,1.2483791
2016-10-06 00:00:00,N,1.0283981,1.1129328,1.2436865,1.3163225
2019-03-27 00:00:00,N,1.0569523,1.2854272,1.6110979,1.3152713
2016-05-19 00:00:00,N,1.0629225,1.2544782,1.5763493,1.5380806
2018-01-17 00:00:00,N,1.0831225,1.1139554,1.1457863,1.1430913
2017-05-08 00:00:00,N,1.0242176,1.1994924,1.1369827,1.3091793
2018-08-02 00:00:00,N,1.1756687,1.3047608,1.2135810,1.1973622
2016-07-15 00:00:00,N,1.2017367,1.2648472,1.2704922,1.2589052
2018-03-15 00:00:00,N,1.1979455,1.6039538,1.5582043,1.2047929
2018-09-28 00:00:00,N,1.0847914,1.2996499,1.2341393,1.2128681
2018-05-11 00:00:00,N,.9821979,1.0608110,1.2497907,1.2039461
2016-02-26 00:00:00,N,1.2250867,1.3589448,1.4269755,1.3164989
2017-05-22 00:00:00,N,.9962108,1.0588092,1.1072860,1.2290522
2017-01-02 00:00:00,N,1.2885223,1.3119520,1.2693128,1.2123272
2018-03-29 00:00:00,N,1.0957082,1.1696632,1.6579579,1.2521128
2019-03-18 00:00:00,N,1.0754795,1.0778523,1.6882003,1.2874160
2017-07-18 00:00:00,N,1.1722380,1.2726767,1.1340163,1.1377172
2018-05-25 00:00:00,N,1.1397980,1.3124856,1.1996234,1.2353038
2017-02-28 00:00:00,N,1.1054851,1.1452578,1.2822591,1.3295343
2017-09-13 00:00:00,N,1.1364217,1.1443128,1.1795599,1.1611650
2017-04-26 00:00:00,N,1.1054937,1.1694057,1.2576504,1.3474143
2016-08-15 00:00:00,N,1.1780274,1.3440905,1.6912139,1.2923817
2017-11-09 00:00:00,N,1.1053190,1.3174829,1.2125904,1.1588321
2016-03-28 00:00:00,N,1.0856864,1.1742762,1.2615093,1.4152073
2017-06-22 00:00:00,N,1.1562289,1.0828974,1.2471640,1.1899859
2016-10-11 00:00:00,N,1.3290144,1.1008678,1.2002473,1.2894811
2019-04-01 00:00:00,N,1.0513752,1.1266741,1.6906255,1.3553909
2018-01-05 00:00:00,N,1.2551710,1.1025378,1.1576824,1.1762351
2016-05-24 00:00:00,N,1.2057845,1.3352291,1.4180807,1.5467959
2018-11-12 00:00:00,N,1.0452095,1.4156467,1.4771599,1.1809007
2017-08-18 00:00:00,N,1.0203399,1.1215464,1.2724663,1.1745738
2016-12-07 00:00:00,N,1.1064888,1.2007023,1.2796806,1.2149910
2019-01-08 00:00:00,N,1.1929813,1.2451621,1.2672577,1.1971544
2017-02-02 00:00:00,N,1.1814533,1.1084982,1.5645871,1.2999045
2016-04-11 00:00:00,N,1.1671563,1.2576565,1.4334598,1.4280276
2019-03-06 00:00:00,N,29.2275734,1.3099876,1.3954474,1.2772884
2018-06-25 00:00:00,N,.9813409,1.0647771,1.1944242,1.1852868
2017-03-31 00:00:00,N,1.0854538,1.0782248,1.8016369,1.4743999
2018-02-05 00:00:00,N,1.1457679,1.3972900,1.2692633,1.1905359
2016-06-07 00:00:00,N,1.2916369,1.2145290,1.3056662,1.3954319
2018-08-21 00:00:00,N,1.2705570,1.3319601,1.2648750,1.2300652
2016-08-03 00:00:00,N,1.0916697,1.2038841,1.8279159,1.3258518
2018-04-03 00:00:00,N,1.1310368,1.0555981,1.2770472,1.2147990
2018-10-17 00:00:00,N,1.0165561,1.0364246,1.0539593,1.1498859
2017-02-16 00:00:00,N,1.1202218,1.4359225,1.3860344,1.3592367
2016-09-29 00:00:00,N,1.0784757,1.2720881,1.2998279,1.3494937
2018-05-30 00:00:00,N,1.0385772,1.5822149,1.2244010,1.2309331
2018-12-13 00:00:00,N,1.0301577,1.1101404,1.1480680,1.1980012
2016-01-19 00:00:00,N,1.6669196,1.4843217,1.5543412,1.4523310
2017-04-14 00:00:00,N,1.0627072,1.0981859,1.1490701,1.5003347
2016-11-25 00:00:00,N,1.2319137,1.2269369,1.1996680,1.2176211
2018-02-19 00:00:00,N,1.0828921,1.2602630,1.2885138,1.1587462
2016-03-16 00:00:00,N,1.1994878,1.1380799,2.0295908,1.4047459
2019-02-08 00:00:00,N,1.0118428,2.4417807,1.3072884,1.2173218
2018-04-17 00:00:00,N,1.1850916,1.1652197,1.1716343,1.2547928
2016-05-12 00:00:00,N,1.1161260,1.2128917,1.7008389,1.4351950
2018-06-13 00:00:00,N,1.0403037,1.0596442,1.2024075,1.1870947
2016-07-08 00:00:00,N,1.0543783,1.2132807,1.2851799,1.2845465
2017-10-02 00:00:00,N,1.1257665,1.1031799,1.1459524,1.1599772
2018-08-09 00:00:00,N,1.1404611,1.1241836,1.2733371,1.2145381
2016-02-19 00:00:00,N,1.2718154,1.5256052,1.5836483,1.3134489
2017-05-15 00:00:00,N,1.0679915,1.1179329,1.1019338,1.2325446
2017-11-28 00:00:00,N,1.0446110,1.1715448,1.2122487,1.1880082
2018-10-05 00:00:00,N,1.0759349,1.0512695,1.1799565,1.2444291
2017-07-11 00:00:00,N,1.1842812,1.0845563,1.1170046,1.1290339
2018-01-24 00:00:00,N,1.1987582,1.2017003,1.1558668,1.1542907
2017-09-06 00:00:00,N,1.0398039,1.5568796,1.1999123,1.1723168
2016-12-26 00:00:00,N,1.2496394,1.2234445,1.3107331,1.2208135
2018-03-22 00:00:00,N,1.0113678,1.2418149,1.6149301,1.2255595
2016-03-04 00:00:00,N,1.2134252,1.1379892,1.2967970,1.2960779
2017-11-02 00:00:00,N,1.2130751,1.2110601,1.2562677,1.1632801
2017-02-21 00:00:00,N,1.3100119,1.2638947,1.3950669,1.3876623
2018-05-18 00:00:00,N,1.1555099,1.2680964,1.1984879,1.2112621
2019-03-25 00:00:00,N,1.1429313,1.3470344,1.5830079,1.3160176
2017-12-29 00:00:00,N,1.0957294,1.2077047,1.1447905,1.1703811
2017-04-19 00:00:00,N,1.1254305,1.1634807,1.6533753,1.4084200
2016-08-22 00:00:00,N,1.1106093,1.1434474,1.9993338,1.3595290
2017-03-07 00:00:00,N,1.1704123,1.2775552,1.6111238,1.3778262
2018-11-05 00:00:00,N,1.0218121,1.1022088,1.0967898,1.1658720
2018-06-18 00:00:00,N,1.2273955,1.6540817,1.9284495,1.7343750
2016-10-18 00:00:00,N,1.2427179,1.3051405,1.2375009,1.2883477
2017-05-03 00:00:00,N,1.1051761,1.2304498,1.1729380,1.3318997
2019-01-01 00:00:00,N,1.1481293,1.3775501,1.2677606,1.2855952
2016-12-14 00:00:00,N,1.0737828,1.1605535,1.3950776,1.2103929
2016-04-04 00:00:00,N,1.1170032,1.2135338,1.4782640,1.3872855
2019-02-27 00:00:00,N,1.0276873,1.6287581,1.3747884,1.2762527
2017-06-29 00:00:00,N,1.0357729,1.0539422,1.3483065,1.1813225
2017-02-09 00:00:00,N,1.0059252,1.4110431,1.3395897,1.3045761
2016-05-31 00:00:00,N,1.0813603,1.2208647,1.7728758,1.5458589
2017-08-25 00:00:00,N,1.0052555,1.2234270,1.2725084,1.1714316
2018-07-02 00:00:00,N,.9613411,1.1505900,1.2917659,1.2083621
2017-04-07 00:00:00,N,1.1461501,1.2292132,1.7395585,1.4624354
2016-07-27 00:00:00,N,1.2452930,1.1344831,1.9785600,1.2824311
2019-04-12 00:00:00,Y,.9811902,1.2758908,1.6799421,1.3568186
2018-08-28 00:00:00,N,1.1147342,1.4244538,1.3828209,1.2141606
2016-03-09 00:00:00,N,1.2953078,1.3197164,1.3925036,1.3414896
2016-09-22 00:00:00,N,1.0674650,1.2627065,1.2762376,1.3744602
2019-03-13 00:00:00,N,1.1203970,1.3143538,1.4794529,1.2985786
2018-10-24 00:00:00,N,1.0215474,1.1023913,1.0749567,1.1594810
2016-05-05 00:00:00,N,1.1552725,1.2417257,1.1413401,1.4854316
2016-11-18 00:00:00,N,1.0564277,1.2879368,1.1731474,1.1987452
2018-02-12 00:00:00,N,1.0702233,1.6741447,1.2945294,1.1850972
2016-01-26 00:00:00,N,1.2680146,1.2991232,1.4061358,1.3353990
2018-12-20 00:00:00,N,.9531661,1.1713520,1.2071908,1.2221966
2017-09-25 00:00:00,N,1.1128198,1.0491797,1.1909189,1.1541910
2018-04-10 00:00:00,N,1.0505090,1.1923199,1.1689473,1.1919835
2016-03-23 00:00:00,N,1.0825485,1.2050511,1.1903048,1.4051516
2019-02-15 00:00:00,N,.9274174,.9991255,1.3647132,1.2068730
2017-11-21 00:00:00,N,1.0955404,1.1931163,1.2311724,1.1913271
2018-06-06 00:00:00,N,1.1610250,1.1679837,1.1732758,1.2045057
2016-10-03 00:00:00,N,1.0541358,1.3688495,1.2644002,1.3273182
2017-12-28 00:00:00,N,1.2513872,1.1648222,1.1572055,1.1729781
2018-07-13 00:00:00,N,29.3469649,1.2263275,1.2293225,1.2249198
2017-04-18 00:00:00,N,1.0771210,1.0305620,1.1049156,1.4735403
2016-11-29 00:00:00,N,1.1859986,1.2181709,1.2458062,1.2488544
2018-02-23 00:00:00,N,1.0572645,1.1711070,1.2400944,1.1670280
2017-06-14 00:00:00,N,.9998751,1.0392743,1.7294337,1.2263905
2017-01-25 00:00:00,N,1.1002034,1.3717398,1.5549094,1.2600352
2017-08-10 00:00:00,N,1.1169435,1.4833442,1.2954470,1.1843197
2017-03-23 00:00:00,N,1.0536153,1.1370963,1.6485816,1.4097619
2017-10-06 00:00:00,N,1.0837962,1.1763856,1.1295095,1.1666812
2018-12-31 00:00:00,N,.9363724,1.4340693,1.2321153,1.2828065
2016-12-13 00:00:00,N,1.2294521,1.0833124,1.7370451,1.2254598
2018-08-13 00:00:00,N,1.0035970,1.0963159,1.2825626,1.2161171
2019-02-26 00:00:00,N,1.1851236,1.4948532,1.3584976,1.2745871
2018-10-09 00:00:00,N,1.3739688,1.0243021,1.0931665,1.1947145
2017-02-08 00:00:00,N,1.0831592,1.4529518,1.3565088,1.3103211
2016-05-30 00:00:00,N,1.1083322,1.2676458,1.7675464,1.5432389
2018-12-05 00:00:00,N,1.0335021,1.1327406,2.2827532,1.1686766
2017-04-06 00:00:00,N,1.1159757,1.2361863,1.7539848,1.4655411
2016-07-26 00:00:00,N,1.0837230,1.1404434,1.9653406,1.2768167
2018-03-26 00:00:00,N,1.0463768,1.0854519,1.1180259,1.2626323
2016-03-08 00:00:00,N,1.2052020,1.3034896,1.3835982,1.3183332
2017-06-02 00:00:00,N,1.0331569,1.1841355,1.1495003,1.2122444
2019-01-31 00:00:00,N,1.0125485,1.1992750,1.2932697,1.2313476
2016-09-21 00:00:00,N,1.1170467,1.2710235,1.2385288,1.3747245
2016-05-04 00:00:00,N,1.0621620,1.2058057,1.1465175,1.4283404
2019-03-29 00:00:00,N,1.1681716,1.2679444,1.6514791,1.3500788
2016-11-17 00:00:00,N,1.0837389,1.2993903,1.1855322,1.1995835
2016-06-30 00:00:00,N,1.1702120,1.2505430,1.1814739,1.2813257
2017-01-13 00:00:00,N,1.0370931,1.4217697,1.3395116,1.2459197
2018-04-09 00:00:00,N,1.0564085,1.1406046,1.2333486,1.2114028
2016-08-26 00:00:00,N,1.1866967,1.1798720,1.3823366,1.3005073
2017-11-20 00:00:00,N,1.1772171,1.3085634,1.2196775,1.1795558
2019-02-14 00:00:00,N,1.0713147,1.0161746,1.3976894,1.2115548
2018-06-05 00:00:00,N,1.1084682,1.1692206,1.2032251,1.2078388
2018-01-16 00:00:00,N,1.2514614,1.1702325,1.1699376,1.1619085
2018-08-01 00:00:00,N,1.1849008,1.2316830,1.2156579,1.1955149
2016-02-11 00:00:00,N,1.2643268,1.5763657,1.4743351,1.3237742
2018-03-14 00:00:00,N,1.1781754,1.0724825,1.2933110,1.2051523
2018-09-27 00:00:00,N,1.1015033,1.3112006,1.2355716,1.2141922
2017-07-03 00:00:00,N,1.0813183,1.2016486,1.2715542,1.1716119
2018-05-10 00:00:00,N,1.1001323,1.0530348,1.2092205,1.2034982
2017-02-13 00:00:00,N,1.0711054,1.4960492,1.4119104,1.3309299
2018-11-23 00:00:00,N,1.5844017,1.1811640,1.9951771,1.1776330
2017-08-29 00:00:00,N,1.0735091,1.8915304,1.2169930,1.1720487
2017-04-11 00:00:00,N,1.0673809,1.2397948,1.1960027,1.4953281
2018-07-06 00:00:00,N,1.0020649,1.1008261,1.2574953,1.2031252
2016-02-25 00:00:00,N,1.1019436,1.3525997,1.4205469,1.3181241
2017-10-25 00:00:00,N,1.0375709,1.2383486,1.3188654,1.1884403
2016-04-22 00:00:00,N,1.2201341,1.2974853,1.3985164,1.4596252
2017-12-21 00:00:00,N,1.0924561,1.2996964,1.1529737,1.1723954
2017-02-27 00:00:00,N,1.0383517,1.2139031,1.3049740,1.3383469
2018-02-16 00:00:00,N,1.1254625,1.4979863,1.3281065,1.1641130
2018-12-24 00:00:00,N,1.0337240,1.3354139,1.2470698,1.2387863
2017-04-25 00:00:00,N,1.2452550,1.2159922,1.2586087,1.3524843
2017-06-21 00:00:00,N,1.1265656,1.0962881,1.2445329,1.1895873
2019-02-19 00:00:00,N,1.1299894,.9506764,1.4129868,1.2213018
2016-10-10 00:00:00,N,1.0610270,1.0994613,1.1863131,1.2897361
2018-01-04 00:00:00,N,1.0365781,1.0639783,1.1491514,1.1756707
2016-05-23 00:00:00,N,1.1098254,1.2242992,1.6897472,1.6410592
2017-08-17 00:00:00,N,1.0759366,1.1443397,1.2548948,1.1729202
2016-12-06 00:00:00,N,1.0600334,1.2081514,1.2772402,1.2191597
2018-03-02 00:00:00,N,1.1557922,1.0439442,1.2021412,1.1747964
2016-07-19 00:00:00,N,1.1691625,1.2042581,1.5070898,1.2544360
2017-10-13 00:00:00,N,1.1374329,1.0985248,1.2334197,1.1790596
2017-02-01 00:00:00,N,1.2433951,1.1085982,1.5851818,1.3008076
2016-09-14 00:00:00,N,1.0606362,1.2549480,1.2252116,1.3077711
2019-03-05 00:00:00,N,1.2264143,1.3181199,1.3929334,1.2861246
2017-03-30 00:00:00,N,1.0484198,1.0924369,1.7664944,1.4550601
2016-11-10 00:00:00,N,1.2144372,1.1771865,1.2338516,1.2190558
2016-03-01 00:00:00,N,1.1056682,1.1645847,1.4830601,1.3399816
2018-08-20 00:00:00,N,1.0779750,1.3090264,1.2494446,1.2283809
2017-05-26 00:00:00,N,1.0585947,1.0874776,1.1449572,1.2366866
2017-01-06 00:00:00,N,1.0415657,1.2784374,1.3245184,1.2089853
2018-04-02 00:00:00,N,.9556898,1.1227355,1.6221116,1.2491414
2018-10-16 00:00:00,N,1.0466163,1.0363121,1.0443892,1.1571182
2018-05-29 00:00:00,N,1.3865437,1.5270715,1.2733468,1.2586600
2016-01-18 00:00:00,N,1.3919104,1.4535257,1.4590098,1.4566474
2018-12-12 00:00:00,N,1.1375689,1.1888322,1.1469361,1.1924422
2018-07-25 00:00:00,N,1.0832724,1.3927923,1.2001162,1.1908735
2019-02-07 00:00:00,N,1.0397364,1.8024122,1.3190037,1.2143874
2016-03-15 00:00:00,N,1.1932722,1.1417344,1.4781514,1.3989240
2017-11-13 00:00:00,N,1.1031403,1.2873958,1.2117519,1.1787053
2018-09-20 00:00:00,N,.9323789,1.1140736,1.2425237,1.2227639
2017-01-20 00:00:00,N,1.1930116,1.2301958,1.3927824,1.2395835
2016-05-11 00:00:00,N,1.1724593,1.2199519,1.7004417,1.4348941
2018-01-09 00:00:00,N,1.0470035,1.2993797,1.1565225,1.1714242
2019-04-05 00:00:00,N,1.1153644,1.1012127,1.1414138,1.4100195
2018-11-16 00:00:00,N,1.0217818,1.1079169,1.1217982,1.1883222
2016-07-07 00:00:00,N,1.0235088,1.2399582,1.2786028,1.2841612
2018-03-07 00:00:00,N,1.1533685,1.0705773,1.2635283,1.1698781
2016-02-18 00:00:00,N,1.1289141,1.0363400,1.5648580,1.3100800
2018-05-03 00:00:00,N,1.0211630,1.1217031,1.2314709,1.2099923
2016-09-02 00:00:00,N,1.1912908,1.2534741,1.2593378,1.2876576
2016-04-15 00:00:00,N,1.0630406,1.2943211,1.3986319,1.4834883
2017-07-10 00:00:00,N,1.1316620,1.1009635,1.1083084,1.1299226
2018-01-23 00:00:00,N,1.1909495,1.1513258,1.0911879,1.1582197
2017-09-05 00:00:00,N,1.3394285,1.2829516,1.1867874,1.1691137
2018-03-21 00:00:00,N,1.1096550,1.2050301,1.6212281,1.2288051
2017-11-01 00:00:00,N,1.1760186,1.1974694,1.2437434,1.1645792
2017-02-20 00:00:00,N,1.1293908,1.2010165,1.3748024,1.3840123
2018-05-17 00:00:00,N,1.1675396,1.1325900,1.2364544,1.2221008
2017-03-09 00:00:00,N,1.0392337,1.3248044,1.6155695,1.3656626
2016-06-28 00:00:00,N,1.1634665,1.1630598,1.1306949,1.2654407
2018-12-17 00:00:00,N,.9654636,1.2454856,1.1155977,1.2081877
2017-09-22 00:00:00,N,1.1234465,.9964401,1.2150460,1.1548078
2018-07-30 00:00:00,N,1.1647625,1.2130923,1.1757435,1.1909882
2017-05-05 00:00:00,N,1.1581483,1.1768960,1.1499819,1.3132517
2016-08-24 00:00:00,N,1.2544545,1.2242109,1.3912285,1.3057535
2019-02-12 00:00:00,N,.9381093,.9775527,1.3409985,1.2117927
2018-09-25 00:00:00,N,1.2081274,1.0793225,1.3612535,1.2356216
2016-05-16 00:00:00,N,1.2211784,1.1931329,1.4893392,1.5275572
2019-04-10 00:00:00,N,1.0274874,1.1363495,1.6066005,1.3625455
2018-11-21 00:00:00,N,1.0886343,1.1591154,1.9725859,1.1671034
2016-07-12 00:00:00,N,1.0308533,1.2834808,1.2619467,1.2707024
2018-03-12 00:00:00,N,1.0165453,1.6021256,1.2816695,1.2025354
2016-02-23 00:00:00,N,1.1772135,1.3701908,1.4451917,1.3158443
2019-01-17 00:00:00,N,1.0659205,1.3094921,1.1720810,1.2320771
2017-05-19 00:00:00,N,1.0985398,1.1065012,1.0974612,1.2082440
2016-09-07 00:00:00,N,1.2981931,1.1955198,1.3017434,1.3206834
2018-05-08 00:00:00,N,1.0800919,1.0992873,1.2279451,1.2068102
2016-04-20 00:00:00,N,1.1591966,1.9351024,1.3889974,1.4702837
2019-03-15 00:00:00,N,.9656890,1.1982592,1.4215213,1.2919402
2018-07-04 00:00:00,N,1.1181040,1.1419356,1.2440955,1.1997256
2016-11-03 00:00:00,N,1.1945818,1.2170376,1.2115346,1.2326990
2016-06-16 00:00:00,N,1.0940519,1.1513306,1.2740384,1.3318329
2016-12-30 00:00:00,N,1.1670924,1.4048740,1.2479555,1.2102583
2018-08-30 00:00:00,N,1.0766620,1.2557053,1.3988100,1.2280580
2016-08-12 00:00:00,N,1.1849992,1.2478162,1.1374506,1.3047217
2017-11-06 00:00:00,N,.9258127,1.4733830,1.2354510,1.1604138
2018-05-22 00:00:00,N,1.0992534,1.2518190,1.1883376,1.2166227
2018-01-02 00:00:00,N,1.2741456,1.2035752,1.1660202,1.1806313
2018-07-18 00:00:00,N,1.1717305,1.1565893,1.2162158,1.2147776
2016-01-28 00:00:00,N,1.2416108,1.2611498,1.4870146,1.3632851
2018-02-28 00:00:00,N,1.1645150,1.1443520,1.1915553,1.1724212
2018-09-13 00:00:00,N,1.0131083,1.3653152,1.3469760,1.2490818
2016-03-25 00:00:00,N,1.2229244,1.2711248,1.1874491,1.4064841
2017-06-19 00:00:00,N,1.1110695,1.0752673,1.7819173,1.2158740
2018-04-26 00:00:00,N,1.1331056,1.4194130,1.2291411,1.2292361
2017-01-30 00:00:00,N,1.0602504,1.1298645,1.6007008,1.3050912
2017-08-15 00:00:00,N,1.0483957,1.1056554,1.2239268,1.1800502
2018-11-09 00:00:00,N,.9597788,1.1818314,1.2955454,1.1660094
2018-06-22 00:00:00,N,1.0252115,1.3071663,1.2459155,1.1887224
2017-03-28 00:00:00,N,1.1423752,1.1710559,1.7512151,1.4649480
2017-10-11 00:00:00,N,1.0821884,1.0818110,1.2326666,1.1806966
2017-05-24 00:00:00,N,1.1983583,1.0887162,1.1404019,1.2423590
2016-04-08 00:00:00,N,1.1776729,1.2041909,1.4528441,1.4081588
2017-12-07 00:00:00,N,1.0870310,1.1416519,1.1928606,1.1713599
2017-07-20 00:00:00,N,1.1798929,1.2355389,1.1345568,1.1301923
2018-02-02 00:00:00,N,1.0673443,1.3217227,1.2484100,1.1779486
2017-09-15 00:00:00,N,1.0430556,1.1637689,1.1639211,1.1653296
2018-12-10 00:00:00,N,.9129080,1.1124027,1.1377257,1.1886045
2017-06-07 00:00:00,N,1.0648942,1.1608154,1.1900458,1.2130697
2019-02-05 00:00:00,N,1.0122379,1.7701272,1.3516532,1.2319181
2016-09-26 00:00:00,N,1.0030294,1.0527179,1.2592778,1.4077281
2016-05-09 00:00:00,N,1.2207142,1.2053215,1.1691796,1.4845129
2019-04-03 00:00:00,N,1.2051627,1.1062282,1.1433600,1.4137748
2017-08-03 00:00:00,N,1.1693879,1.1500172,1.2090111,1.1651821
2018-07-23 00:00:00,N,1.1427641,1.4537827,1.1976042,1.1917908
2016-11-22 00:00:00,N,1.2949006,1.2354137,1.2066734,1.2183485
2016-07-05 00:00:00,N,1.2037207,1.3113551,1.2781048,1.2840710
2017-09-29 00:00:00,N,1.0429693,1.1974494,1.1252708,1.1569949
2017-01-18 00:00:00,N,1.1164783,1.1382084,1.3976468,1.2345845
2018-09-18 00:00:00,N,1.1212574,1.1846192,1.2558829,1.2246346
2016-08-31 00:00:00,N,1.2222174,1.2421865,1.2766749,1.2895861
2017-03-16 00:00:00,N,1.2234966,1.2422189,1.4133865,1.3849025
2016-10-27 00:00:00,N,1.0500210,1.2154658,1.2462103,1.2631668
2016-02-16 00:00:00,N,1.1744538,1.4737538,1.5645216,1.3193975
2017-05-12 00:00:00,N,.9689273,1.0726701,1.0986697,1.2350984
2018-08-06 00:00:00,N,1.2566622,1.1872608,1.2538219,1.1864309
2016-12-23 00:00:00,N,1.0752268,1.2013990,1.2972665,1.2086178
2018-03-19 00:00:00,N,1.0972158,1.3980741,1.6876554,1.2319001
2016-04-13 00:00:00,N,1.1781554,1.2239486,1.4443389,1.4423999
2018-10-02 00:00:00,N,1.0152041,1.2017718,1.1755345,1.2236644
2018-05-15 00:00:00,N,1.2177535,1.2361557,1.2327778,1.2200710
2018-11-28 00:00:00,N,.8887558,1.3351760,1.4689889,1.1665287
2016-06-09 00:00:00,N,1.2689915,1.2162213,1.3425231,1.4037787
2018-07-11 00:00:00,N,1.2057792,1.1103974,1.2269524,1.2271553
2016-08-05 00:00:00,N,1.0718068,1.1372428,1.7518230,1.3158965
2019-01-24 00:00:00,N,1.0942994,1.6944593,1.2036707,1.2361798
2017-10-30 00:00:00,N,1.0687124,1.1010173,1.3092200,1.1714292
2018-09-06 00:00:00,N,1.0201201,1.0478835,1.3396773,1.2725084
2017-06-12 00:00:00,N,1.1906437,1.0697533,1.3649324,1.2281972
2016-04-27 00:00:00,N,1.2633246,1.1569110,1.1725436,1.4271731
2017-12-26 00:00:00,N,1.4957916,1.2985247,1.1677337,1.1909910
2019-03-22 00:00:00,N,1.0160355,1.1338787,1.6060249,1.3163013
2018-11-02 00:00:00,N,1.0504717,1.0520946,1.0869621,1.1686181
2017-08-08 00:00:00,N,1.2846371,1.6149067,1.3205547,1.1875882
2016-06-23 00:00:00,N,1.1470095,1.1267619,1.1690778,1.2937767
2018-02-21 00:00:00,N,1.1601763,1.2622514,1.3008938,1.1668367
2016-02-04 00:00:00,N,1.2068722,1.2290008,1.4791802,1.3554187
2018-04-19 00:00:00,N,1.1810121,1.2297238,1.1697106,1.2426233
2016-08-19 00:00:00,N,1.2590669,1.3627570,2.0853486,1.3190485
2017-06-26 00:00:00,N,.9954162,1.0656457,1.2281732,1.1866585
2016-04-01 00:00:00,N,1.1754514,1.4454900,1.4711577,1.3786253
2018-06-15 00:00:00,N,.9921500,1.0950917,1.2233661,1.1869095
2017-08-22 00:00:00,N,1.1024585,1.3073081,1.2658951,1.1735376
2017-10-18 00:00:00,N,1.0923956,1.2043632,1.2954163,1.2018209
2017-02-06 00:00:00,N,1.1542590,1.1736888,1.6117851,1.3569356
2016-09-19 00:00:00,N,1.0617101,1.3928467,1.2015474,1.3656621
2017-12-14 00:00:00,N,1.1239438,1.0820760,1.1459042,1.1708606
2018-06-29 00:00:00,N,1.1378310,1.0687027,1.2079237,1.1977922
2017-04-04 00:00:00,N,1.0996313,1.0971386,1.7423962,1.4613442
2016-11-15 00:00:00,N,1.1405973,1.2313573,1.2064477,1.2011225
2018-02-09 00:00:00,N,1.1315661,1.7313147,1.2114136,1.1806615
2017-05-31 00:00:00,N,1.0464941,1.2195810,1.1691097,1.2376940
2017-01-11 00:00:00,N,.9601950,1.0602063,1.2684417,1.2308090
2016-05-02 00:00:00,N,1.2123126,1.1923866,1.1549166,1.4258860
2017-07-27 00:00:00,N,1.0530803,1.9864089,1.1790691,1.1511553
2018-05-14 00:00:00,N,1.0928939,1.2404029,1.2380429,1.2057374
2017-02-17 00:00:00,N,1.1787041,1.4288200,1.3868216,1.3946489
2016-06-08 00:00:00,N,1.0418146,1.1751326,1.2902511,1.3859366
2018-07-10 00:00:00,N,1.2050411,1.0698369,1.2290837,1.2157754
2016-01-20 00:00:00,N,1.4619715,1.5423534,1.5553117,1.4489370
2016-08-04 00:00:00,N,1.0834308,1.1785236,1.7559173,1.3244441
2016-03-17 00:00:00,N,1.1795517,1.1531916,2.0261427,1.4048979
2018-09-05 00:00:00,N,1.0339327,1.0589359,1.3451246,1.2537107
2016-09-30 00:00:00,N,1.0695526,1.2933308,1.3106905,1.3408651
2017-12-25 00:00:00,N,1.1939695,1.2812288,1.1567953,1.1872562
2016-05-13 00:00:00,N,1.1396733,1.2459997,1.6414460,1.4337768
2018-11-01 00:00:00,N,.9921807,1.0734612,1.0932700,1.1742598
2017-08-07 00:00:00,N,1.0906244,1.6097693,1.2937475,1.1707667
2018-02-20 00:00:00,N,1.1331712,1.2523018,1.2896728,1.1681492
2018-12-28 00:00:00,N,1.0625146,1.5449221,1.2888290,1.2790536
2017-10-03 00:00:00,N,1.0225481,1.1602091,1.1127047,1.1550842
2018-04-18 00:00:00,N,1.1664037,1.2288441,1.1654559,1.2383806
2016-03-31 00:00:00,N,1.1299695,1.4579696,1.5215619,1.3765670
2017-11-29 00:00:00,N,1.0884028,1.2037677,1.2089672,1.1838163
2018-06-14 00:00:00,N,1.0939968,1.0894292,1.2211816,1.1889002
2017-03-20 00:00:00,N,1.0318154,1.1586513,1.4020776,1.3698097
2016-05-27 00:00:00,N,1.1932581,1.2719171,1.4362388,1.5426828
2018-01-25 00:00:00,N,1.1421152,1.2118934,1.1999757,1.1521494
2018-08-10 00:00:00,N,1.0810575,1.1469753,1.3026386,1.2207191
2017-05-16 00:00:00,N,1.2569873,1.1115099,1.1012723,1.2153197
2018-03-23 00:00:00,N,1.1208495,1.1711573,1.1260978,1.2208162
2017-07-12 00:00:00,N,1.1000921,1.1439147,1.1114681,1.1284596
2017-04-03 00:00:00,N,1.0879100,1.1232641,1.7370921,1.4598332
2016-11-14 00:00:00,N,1.0698933,1.3872867,1.2303848,1.2106307
2019-01-28 00:00:00,N,1.1695284,1.1833319,1.2629259,1.2246117
2017-05-30 00:00:00,N,1.2245179,1.0902846,1.1647972,1.2347969
2017-01-10 00:00:00,N,1.0088692,1.0707211,1.2756152,1.2336664
2018-04-06 00:00:00,N,1.0781003,1.0555403,1.2576996,1.2147564
2019-03-26 00:00:00,N,1.0547441,1.3008264,1.5852825,1.3127011
2017-07-26 00:00:00,N,1.1027494,1.5804793,1.1715248,1.1475604
2017-03-08 00:00:00,N,1.0702961,1.3986232,1.6220861,1.3717667
2016-06-27 00:00:00,N,1.0597100,1.0656142,1.1432814,1.2807891
2017-09-21 00:00:00,N,1.0822814,.9898115,1.2015479,1.1529639
2017-05-04 00:00:00,N,1.2182880,1.2119384,1.1521598,1.3104033
2016-02-08 00:00:00,N,1.2458364,1.2198236,1.4847320,1.3463184
2016-08-23 00:00:00,N,1.1810290,1.2142137,1.3849149,1.3055400
2017-11-17 00:00:00,N,1.0768862,1.3713488,1.2061759,1.1813686
2018-09-24 00:00:00,N,.9993267,1.0643443,1.3531253,1.2329654
2016-04-05 00:00:00,N,1.2031742,1.2115225,1.4783506,1.3854412
2017-06-30 00:00:00,N,1.0842149,1.1372528,1.2351714,1.1689950
2016-10-19 00:00:00,N,1.1378714,1.1939151,1.2323774,1.2863543
2018-11-20 00:00:00,N,1.0078188,1.1349320,1.9451040,1.1701500
2016-06-01 00:00:00,N,1.2116440,1.3230921,1.4651705,1.4532513
2016-12-15 00:00:00,N,1.0811423,1.1434623,1.3953878,1.2090762
2016-02-22 00:00:00,N,1.2925677,1.3072981,1.5710618,1.3329136
2019-01-16 00:00:00,N,1.0576911,1.2988961,1.1844239,1.2408559
2017-02-10 00:00:00,N,1.2016571,1.4205072,1.3386458,1.3222807
2018-05-07 00:00:00,N,1.0300594,1.1862794,1.2385240,1.2214643
2016-04-19 00:00:00,N,1.0203374,1.5601104,1.3946342,1.4712217
2019-03-14 00:00:00,N,1.0811664,1.3010479,1.4908673,1.2996164
2017-12-18 00:00:00,N,1.0157522,1.1392203,1.1516010,1.1819862
2018-07-03 00:00:00,N,1.2097677,1.1706377,1.3109699,1.2106860
2016-06-15 00:00:00,N,1.1106265,1.3367769,1.2830763,1.3369045
2018-02-13 00:00:00,N,1.1296281,1.4997082,1.2677321,1.1745307
2018-08-29 00:00:00,N,1.0887817,1.5512244,1.4021282,1.2181052
2016-08-11 00:00:00,N,1.3154009,1.1863350,1.1369698,1.2992887
2018-04-11 00:00:00,N,1.2159117,1.2189683,1.1769385,1.1849992
2018-10-25 00:00:00,N,1.0593599,1.1057771,1.0745383,1.1584895
2017-07-31 00:00:00,N,1.0589181,1.2026810,1.1889767,1.1614622
2016-10-07 00:00:00,N,1.1444685,1.1021800,1.2493599,1.3181888
2018-06-07 00:00:00,N,.9907213,1.2967000,1.1907261,1.1944896
2016-01-27 00:00:00,N,1.2016951,1.2511240,1.4374666,1.3445144
2018-12-21 00:00:00,N,1.2387077,1.1539434,1.1976540,1.2263504
2018-08-03 00:00:00,N,1.1493429,1.1676936,1.2159420,1.2009240
2016-03-24 00:00:00,N,1.2253544,1.2620590,1.1928617,1.4074608
2018-04-25 00:00:00,N,1.0244387,1.3136284,1.2026831,1.2336016
2016-05-20 00:00:00,N,1.1910111,1.1889124,1.5710835,1.5339539
2017-08-14 00:00:00,N,1.0489416,1.0853422,1.3139240,1.2082720
2018-06-21 00:00:00,N,1.0310307,1.6737134,1.2554334,1.1923256
2017-03-27 00:00:00,N,1.1052462,1.1306010,1.7078188,1.4544010
2017-10-10 00:00:00,N,1.0772420,1.1336949,1.1699311,1.1829955
2018-08-17 00:00:00,N,1.0954527,1.2050107,1.2500623,1.2260490
2017-05-23 00:00:00,N,1.2381150,1.0627994,1.1100434,1.2309663
2017-12-06 00:00:00,N,1.2405486,1.2644481,1.2317528,1.1832380
2017-07-19 00:00:00,N,1.1135613,1.2034662,1.1305604,1.1301809
2016-11-07 00:00:00,N,1.1258434,1.1137562,1.2144183,1.2388413
2018-02-01 00:00:00,N,1.1229646,1.1610152,1.2894318,1.1842812
2016-06-20 00:00:00,N,1.1493538,1.2008938,1.2415190,1.3046959
2017-09-14 00:00:00,N,.9916576,1.1358289,1.1788752,1.1674620
2017-01-03 00:00:00,N,1.0642204,1.3133840,1.2858639,1.2139473
2018-03-30 00:00:00,N,1.0384902,1.1449436,1.6566613,1.2483480
2019-02-04 00:00:00,N,1.5363149,1.5837367,1.3919195,1.2396300
2017-11-10 00:00:00,N,1.0421890,1.3038390,1.2027035,1.1723457
2017-03-01 00:00:00,N,1.1668748,1.0335196,1.3273021,1.3253021
2019-04-02 00:00:00,N,1.1389517,1.1104926,1.6118075,1.4043996
2017-04-27 00:00:00,N,1.0652825,1.1271652,1.2529442,1.3413832
2016-07-04 00:00:00,N,1.1993623,1.3851393,1.2384650,1.2870050
2018-09-17 00:00:00,N,1.2150690,1.0925684,1.3747679,1.2407795
2017-06-23 00:00:00,N,1.0703538,1.0827366,1.2321055,1.1886734
2018-04-30 00:00:00,N,1.0649389,1.1024175,1.1988021,1.2231259
2016-08-30 00:00:00,N,1.2290263,1.2577280,1.2554056,1.2822641
2018-11-13 00:00:00,N,1.0591410,1.6444105,1.9741468,1.1857111
2017-03-15 00:00:00,N,1.1154174,1.1835781,1.3553004,1.3746919
2018-06-26 00:00:00,N,1.0744963,1.1010111,1.2011201,1.1981482
2016-10-26 00:00:00,N,1.1396842,1.2434685,1.2546076,1.2656799
2016-02-15 00:00:00,N,1.1643695,1.6242883,1.5936499,1.3202813
2019-01-09 00:00:00,N,1.0187316,1.4253206,1.3881450,1.3521036
2017-05-11 00:00:00,N,1.1071527,1.0905452,1.0924832,1.2379808
2018-08-22 00:00:00,N,1.2579894,1.2136473,1.2554129,1.2328211
2016-12-22 00:00:00,N,1.1070961,1.2614109,1.2985976,1.2125318
2016-04-12 00:00:00,N,1.0880470,1.2442430,1.4368264,1.4310342
2019-03-07 00:00:00,N,1.1341198,1.5546585,1.4106358,1.2704078
2017-07-07 00:00:00,N,.9916403,1.0744550,1.1015825,1.1263051
2018-10-18 00:00:00,N,1.0334386,1.0618914,1.0586145,1.1509216
2016-04-29 00:00:00,N,1.2480428,1.1602360,1.1550405,1.4289685
2017-07-24 00:00:00,N,1.1262265,1.3583955,1.1562947,1.1443640
2018-02-06 00:00:00,N,1.0492028,1.7594710,1.2571917,1.1855842
2017-09-19 00:00:00,N,1.0842176,1.0136909,1.1448446,1.1572919
2018-12-14 00:00:00,N,1.0437259,1.2347582,1.1175990,1.1858011
2018-04-04 00:00:00,N,1.0584672,1.0432140,1.2730668,1.2186361
2017-11-15 00:00:00,N,.9891359,1.1858689,1.2541741,1.1809812
2018-05-31 00:00:00,N,1.0499750,1.4232670,1.2262614,1.2316963
2017-03-06 00:00:00,N,1.1303596,1.2017587,1.6014336,1.3740977
2016-10-17 00:00:00,N,1.1405603,1.2608533,1.1980298,1.2860291
2018-01-11 00:00:00,N,1.0256547,1.4021997,1.2985855,1.1796098
2018-07-27 00:00:00,N,1.2142154,1.2599357,1.1704205,1.1847091
2017-05-02 00:00:00,N,1.1649822,1.2153162,1.1775917,1.3220625
2018-03-09 00:00:00,N,1.0384991,1.1843085,1.2990741,1.1782885
2017-06-28 00:00:00,N,1.0396351,1.0602828,1.2421163,1.1843636
2017-08-24 00:00:00,N,1.1186728,1.2431328,1.2610486,1.1709419
2016-10-31 00:00:00,N,1.1245463,1.2495369,1.2071103,1.2431407
2019-01-14 00:00:00,N,7.2564715,1.3785698,1.2108647,1.2313602
2017-10-20 00:00:00,N,1.1671177,1.3764705,1.2287614,1.2027547
2016-12-27 00:00:00,N,1.1681269,1.2255404,1.3134839,1.2207584
2018-08-27 00:00:00,N,1.0758973,1.4482904,1.5207800,1.2273078
2019-03-12 00:00:00,N,1.0769595,1.3179255,1.4451053,1.2965625
2017-02-22 00:00:00,N,2.4390786,1.2585655,1.5452329,1.3913427
2018-10-23 00:00:00,N,1.1270890,1.1140017,1.0684919,1.1514639
2017-09-07 00:00:00,N,1.0772514,1.3883991,1.1970066,1.1717680
2016-06-13 00:00:00,N,1.0286028,1.3970243,1.2830449,1.3746092
2016-01-25 00:00:00,N,1.3510652,1.3214149,1.4242051,1.3418365
2018-12-19 00:00:00,N,.9182358,1.0514543,1.1482215,1.2122333
2017-04-20 00:00:00,N,1.1075747,1.1584439,1.6610964,1.4106529
2016-08-09 00:00:00,N,1.1707447,1.1702108,1.1436079,1.3098384
2017-11-03 00:00:00,N,1.1834252,1.1444699,1.2215387,1.1610723
2017-06-16 00:00:00,N,1.0854537,1.0638197,1.7260147,1.2098100
2016-03-22 00:00:00,N,1.1377713,1.2367309,1.9388052,1.4087056
2018-09-10 00:00:00,N,1.0631346,1.0647330,1.3252716,1.2658104
2016-10-05 00:00:00,N,1.0824046,1.1468920,1.2614421,1.3172843
2016-05-18 00:00:00,N,1.1941513,1.1869068,1.5000725,1.5266619
2018-11-06 00:00:00,N,1.0141655,1.0899670,1.1296189,1.1620540
2016-12-01 00:00:00,N,1.2240393,1.2183924,1.2632670,1.2385395
2016-07-14 00:00:00,N,1.1852556,1.2534436,1.2657377,1.2635407
2019-01-02 00:00:00,N,1.2596585,1.3324456,1.2919059,1.2936894
2017-01-27 00:00:00,N,1.1059808,1.2897320,1.5621485,1.2617056
2018-04-23 00:00:00,N,1.0342477,1.2392597,1.1797906,1.2406335
2016-09-09 00:00:00,N,.9994644,1.2321729,1.2889450,1.3292157
2019-02-28 00:00:00,N,1.3052942,1.1968046,1.3409249,1.2698897
2017-12-04 00:00:00,N,1.2037724,1.4148392,1.2627553,1.1821840
2018-06-19 00:00:00,N,1.0294055,1.1280963,1.2602656,1.1869249
2018-01-30 00:00:00,N,1.1283592,1.2309225,1.2748416,1.1698398
2018-08-15 00:00:00,N,.9917566,1.2721578,1.2928392,1.2242132
2016-07-28 00:00:00,N,1.3741393,1.1062732,1.9524037,1.2768926
2018-03-28 00:00:00,N,1.1203137,1.1643022,1.6161196,1.2415688
2018-10-11 00:00:00,N,.9552246,.9907099,1.0632851,1.1825260
2017-07-17 00:00:00,N,1.1438052,1.2009470,1.1525110,1.1412236
2016-09-23 00:00:00,N,1.1173438,1.2671981,1.2835444,1.3704388
2018-05-24 00:00:00,N,1.1214830,1.1813506,1.1922318,1.2352052
2017-09-12 00:00:00,N,1.1054549,1.1308151,1.1735283,1.1551882
2018-12-07 00:00:00,N,1.0281206,1.1524263,11.7726261,1.1848568
2018-07-20 00:00:00,N,1.1536645,1.1796716,1.2242782,1.2127857
2016-03-10 00:00:00,N,1.0758853,1.3743454,1.3842627,1.3581821
2017-11-08 00:00:00,N,1.0892520,1.3107816,1.2078354,1.1562408
2016-05-06 00:00:00,N,1.1233903,1.2190516,1.1612105,1.4837218
2017-03-13 00:00:00,N,1.1538082,1.2654523,1.5605507,1.3675446
2017-09-26 00:00:00,N,1.1714279,1.2219165,1.1603967,1.1531496
2019-01-07 00:00:00,N,1.0103525,1.2302207,1.2349524,1.1746089
2017-05-09 00:00:00,N,1.1205233,1.1426141,1.1047816,1.2437638
2017-11-22 00:00:00,N,1.0853740,1.1772676,1.2261007,1.1875818
2017-07-05 00:00:00,N,1.0893114,1.1774813,1.1762618,1.1520796
2016-10-24 00:00:00,N,.9787592,1.1735249,1.2960025,1.2908550
2018-01-18 00:00:00,N,1.1323079,1.0942134,1.1547167,1.1475636
2016-06-06 00:00:00,N,1.0695487,1.1371984,1.3939733,1.4368348
2017-08-31 00:00:00,N,1.0481567,1.2391393,1.2131158,1.1689694
2016-12-20 00:00:00,N,1.0861225,1.2695857,1.4223799,1.2237523
2018-03-16 00:00:00,N,1.2243655,1.7498220,1.6023980,1.2439389
2016-08-02 00:00:00,N,1.2156661,1.1659098,1.8266176,1.3265458
2017-10-27 00:00:00,N,1.0668445,1.2603316,1.3227259,1.1871639
2019-01-21 00:00:00,N,1.1829123,1.4599054,1.1898167,1.2480795
2017-02-15 00:00:00,N,1.0506177,1.5198657,1.3987026,1.3572256
2016-09-28 00:00:00,N,1.0756616,1.2198342,1.2777137,1.3434484
2019-03-19 00:00:00,N,1.1377620,1.1262417,1.6993222,1.2926289
2017-04-13 00:00:00,N,1.1352997,1.1218407,1.1706301,1.4990018
2016-11-24 00:00:00,N,1.1863771,1.2410767,1.2031668,1.2160501
2018-09-03 00:00:00,N,1.0584484,1.1677581,1.3748954,1.2594485
2017-06-09 00:00:00,N,1.1607366,1.0822862,1.3229730,1.2217541
2018-04-16 00:00:00,N,.9771262,1.3624981,1.1708579,1.2577026
2016-08-16 00:00:00,N,1.0666815,1.3435463,2.0701203,1.3255893
2018-10-30 00:00:00,N,1.1741568,1.1413621,1.0989274,1.1786571
2016-10-12 00:00:00,N,1.0487383,1.1069427,1.1819100,1.2684191
2018-06-12 00:00:00,N,1.2332227,1.1916031,1.2115046,1.1896600
2016-02-01 00:00:00,N,1.1949110,1.2156770,1.6259134,1.3566931
2018-12-26 00:00:00,N,1.7387936,1.4990607,1.2788649,1.2514005
2018-08-08 00:00:00,N,1.1106124,1.1560678,1.2780989,1.2055211
2016-12-08 00:00:00,N,1.1245592,1.1886037,1.2940615,1.2244714
2016-03-29 00:00:00,N,1.1160661,1.2344608,1.5133837,1.3564712
2019-02-21 00:00:00,N,1.0597333,1.7533414,1.3635843,1.2435198
2017-11-27 00:00:00,N,1.0748861,1.2313851,1.1989041,1.1865196
2018-10-04 00:00:00,N,1.0019501,1.1638458,1.1726523,1.2288056
2017-02-03 00:00:00,N,1.1724250,1.1215818,1.5852964,1.3030608
2016-05-25 00:00:00,N,1.3205831,1.3764409,1.4311323,1.5405484
2018-11-30 00:00:00,N,1.0083780,1.0906677,1.5178636,1.1662869
2016-07-21 00:00:00,N,1.1212107,1.2451402,1.5457218,1.2746037
2016-03-03 00:00:00,N,1.1261690,1.1483049,1.3006695,1.2983215
2016-09-16 00:00:00,N,1.1553054,1.2607376,1.2388770,1.3370765
2017-12-11 00:00:00,N,.8889967,1.1447042,1.1914567,1.1904908
2019-03-04 00:00:00,N,.9222213,1.2123354,1.2775472,1.2842911
2017-07-04 00:00:00,N,.9823941,1.1250334,1.1709293,1.1508135
2017-08-30 00:00:00,N,1.0173626,1.2755974,1.2151604,1.1724418
2016-12-19 00:00:00,N,1.3070459,1.2782099,1.4492330,1.2244481
2016-08-01 00:00:00,N,1.1894701,1.1142864,1.8222348,1.3189170
2017-10-26 00:00:00,N,1.0725820,.9868237,.9871778,.9811214
2018-10-15 00:00:00,N,.9605296,1.1087503,1.0390404,1.1662527
2017-02-14 00:00:00,N,1.3036877,1.3589453,1.4092498,1.3535086
2016-09-27 00:00:00,N,1.2112773,1.0735740,1.2648933,1.4088365
2017-12-22 00:00:00,N,1.1051864,1.2436665,1.1639484,1.1782736
2017-04-12 00:00:00,N,.9826170,1.1445021,1.1763572,1.5011563
2016-11-23 00:00:00,N,1.0577989,1.2076933,1.1851687,1.2185061
2016-03-14 00:00:00,N,1.1547674,1.6674520,1.4003660,1.3797584
2017-06-08 00:00:00,N,1.0366256,1.0697846,1.3299701,1.2220683
2017-01-19 00:00:00,N,1.0622817,1.2152072,1.3971838,1.2406879
2016-05-10 00:00:00,N,1.2097525,1.1916949,1.7007357,1.4372613
2017-08-04 00:00:00,N,1.0049423,1.3029864,1.2071328,1.1607888
2018-10-29 00:00:00,N,1.0622679,1.1505346,1.0992105,1.1770510
2018-06-11 00:00:00,N,1.0267179,1.2104025,1.2187283,1.1908827
2017-03-17 00:00:00,N,1.1164689,1.2247224,1.4091791,1.3795975
2016-07-06 00:00:00,N,1.1374115,1.3046606,1.2872718,1.2834496
2018-12-25 00:00:00,N,1.1640815,1.4785319,1.2671562,1.2447163
2018-08-07 00:00:00,N,1.0465172,1.2002563,1.2295512,1.2063385
2016-09-01 00:00:00,N,1.2446527,1.2181666,1.2702238,1.2884334
2019-02-20 00:00:00,N,1.0954053,1.6502793,1.4637691,1.2542918
2018-10-03 00:00:00,N,1.0746043,1.1601490,1.1707442,1.2176846
2018-01-22 00:00:00,N,1.0557651,1.2070068,1.0874541,1.1517831
2017-09-04 00:00:00,N,1.2175162,1.1853491,1.2121137,1.1761611
2018-11-29 00:00:00,N,.9969418,1.3489231,1.4944503,1.1661050
2018-03-20 00:00:00,N,1.1104425,1.1993017,1.6463444,1.2285970
2016-07-20 00:00:00,N,1.2832924,1.2859903,1.5235102,1.2575239
2016-03-02 00:00:00,N,1.1474156,1.1833032,1.4879409,1.3407243
2019-01-25 00:00:00,N,1.0345367,1.4289544,1.1848471,1.2209977
2017-10-31 00:00:00,N,.9649148,1.2173272,1.2455773,1.1668584
2018-05-16 00:00:00,N,1.0973269,1.0996634,1.2219505,1.2192098
2016-09-15 00:00:00,N,1.0824006,1.1934720,1.2272191,1.3121194
2016-04-28 00:00:00,N,1.2291795,1.1629210,1.1680817,1.4565188
2016-11-11 00:00:00,N,1.2905641,1.2009977,1.2338401,1.2203222
2018-07-12 00:00:00,N,1.1152365,1.2003297,1.2120205,1.2205983
2016-06-24 00:00:00,N,1.0284245,1.0936993,1.1435588,1.2751610
2017-09-18 00:00:00,N,1.0168183,1.0344785,1.1550876,1.1582164
2018-09-07 00:00:00,N,.9734749,1.0121923,1.3245921,1.2579531
2017-11-14 00:00:00,N,1.1359998,1.2964951,1.2435079,1.1789773
2018-01-10 00:00:00,N,1.1933137,1.2184327,1.1618821,1.1697075
2018-07-26 00:00:00,N,1.1969204,1.3947057,1.1916253,1.1898815
2017-05-01 00:00:00,N,.8821350,1.1105192,1.2253210,1.3571454
2016-02-05 00:00:00,N,1.1899616,1.1941258,1.4706809,1.3513738
2016-12-12 00:00:00,N,1.0966616,1.1156665,1.3987226,1.2281627
2018-03-08 00:00:00,N,1.0946513,1.1583327,1.2860024,1.1781019
2018-09-21 00:00:00,N,1.0914163,1.0903601,1.2078898,1.2186995
2017-06-27 00:00:00,N,1.0030555,1.0530502,1.2326117,1.1870429
2018-05-04 00:00:00,N,1.0412184,1.1291057,1.2267893,1.2207170
2017-02-07 00:00:00,N,1.1734313,1.3250926,1.3684801,1.3132267
2017-08-23 00:00:00,N,1.1417794,1.2085253,1.2670557,1.1720117
2017-04-05 00:00:00,N,1.0238170,1.1646953,1.7588321,1.4649396
2016-07-25 00:00:00,N,1.3388238,1.2053662,1.9613022,1.2790129
2017-10-19 00:00:00,N,1.0813419,1.3183293,1.2290750,1.2016239
2017-06-01 00:00:00,N,1.1818399,1.1919242,1.1624179,1.2275994
2016-09-20 00:00:00,N,1.0740079,1.3003341,1.2159111,1.3644780
2019-03-11 00:00:00,N,.9860787,1.6485051,1.5234886,1.3001704
2017-12-15 00:00:00,N,1.0622901,1.1012589,1.1413762,1.1726650
2018-10-22 00:00:00,N,1.1393780,1.2550867,1.0618563,1.1445938
2017-07-28 00:00:00,N,1.1898746,1.5409872,1.1896559,1.1583492
2018-12-18 00:00:00,N,.9265656,1.0791708,1.1167090,1.2101022
2016-08-08 00:00:00,N,1.3124936,1.1850010,1.7538388,1.3137645
2016-03-21 00:00:00,N,1.1113518,1.3464596,1.9663479,1.4187817
2017-06-15 00:00:00,N,1.2166577,1.0897249,1.7339664,1.2236673
2019-02-13 00:00:00,N,.9760537,1.0081514,1.3895850,1.2092520
2016-10-04 00:00:00,N,1.1828594,1.3166931,1.2641685,1.3177328
2018-06-04 00:00:00,N,1.0600388,1.1919822,1.2044234,1.2162926
2016-05-17 00:00:00,N,1.0654782,1.1904562,1.4920171,1.5254627
2019-04-11 00:00:00,N,1.1090833,1.2195205,1.6454669,1.3540359
2017-08-11 00:00:00,N,1.0368245,1.4615707,1.2911084,1.1842254
2018-07-31 00:00:00,N,1.0583403,1.2437338,1.1807986,1.1934273
2016-11-30 00:00:00,N,1.0209447,1.2606670,1.2766910,1.2452617
2016-07-13 00:00:00,N,1.2592082,1.2681513,1.2644866,1.2690935
2018-09-26 00:00:00,N,.9885042,1.2239239,1.2378285,1.2200786
2017-01-26 00:00:00,N,1.0606441,1.3072834,1.5598632,1.2595293
2016-09-08 00:00:00,N,1.1228422,1.2951969,1.3081587,1.3271164
2017-03-24 00:00:00,N,.9990381,1.1269093,1.7040279,1.4133186
2018-11-22 00:00:00,N,.9807367,1.1596964,1.9820886,1.1671019
2016-11-04 00:00:00,N,1.0930834,1.3167973,1.2100790,1.2355094
2018-01-29 00:00:00,N,1.0440417,1.2856738,1.2785593,1.1612602
2018-08-14 00:00:00,N,1.0548140,1.2133144,1.2759342,1.2201268
2016-02-24 00:00:00,N,1.1419181,1.3501286,1.4367671,1.3205128
2018-03-27 00:00:00,N,1.0890087,1.1857206,1.5951338,1.2363210
2018-10-10 00:00:00,N,1.0780369,1.0176838,1.0786695,1.1842587
2016-04-21 00:00:00,N,1.1051778,1.3379297,1.3884195,1.4672262
2018-05-23 00:00:00,N,1.1354538,1.2045946,1.1900165,1.2303607
2016-06-17 00:00:00,N,1.0878669,1.2497510,1.2338396,1.3090503
2017-09-11 00:00:00,N,1.2216043,1.3085116,1.2086999,1.1659331
2018-12-06 00:00:00,N,.9579873,1.1491807,3.2743680,1.1737985
2018-07-19 00:00:00,N,1.1901660,1.1724630,1.2210348,1.2143444
2017-04-24 00:00:00,N,1.1651920,1.1453313,1.6584513,1.4600626
2019-02-01 00:00:00,N,1.1081079,1.2145380,1.3096822,1.2361528
2017-11-07 00:00:00,N,1.1376899,1.3267759,1.2425916,1.1629117
2018-09-14 00:00:00,N,1.0226724,1.7424929,1.2917708,1.2469848
2017-06-20 00:00:00,N,1.1074889,1.1941510,1.2579813,1.1866939
2018-01-03 00:00:00,N,1.0343603,1.1152878,1.1571025,1.1801584
2017-08-16 00:00:00,N,1.1558879,1.0806878,1.2248064,1.1718467
2016-07-01 00:00:00,N,1.2320583,1.2621604,1.1894346,1.2779182
2018-03-01 00:00:00,N,1.0627647,1.1163741,1.1852777,1.1641030
2016-02-12 00:00:00,N,1.1150891,1.8966991,1.4719762,1.3222473
2017-10-12 00:00:00,N,1.0451491,1.0963325,1.2327015,1.1829391
2018-04-27 00:00:00,N,1.1230337,1.2866803,1.2271421,1.2298328
2016-09-13 00:00:00,N,1.1870870,1.2933659,1.2217026,1.3249018
2017-12-08 00:00:00,N,1.1600460,1.1028657,1.1992448,1.1769657
2018-11-27 00:00:00,N,1.0661488,1.4005401,1.4377614,1.1632107
2017-03-29 00:00:00,N,1.0568116,1.1386035,1.7735669,1.4664355
2016-11-09 00:00:00,N,1.0894040,1.2009865,1.2393997,1.2239263
2016-02-29 00:00:00,N,1.1084864,1.1994886,1.3835529,1.3275283
2019-01-23 00:00:00,N,1.1172492,1.4961761,1.2033771,1.2420045
2017-05-25 00:00:00,N,1.1409234,1.1030484,1.1488729,1.2415924
2017-01-05 00:00:00,N,.9666584,1.4458329,1.3463773,1.2060663
2016-04-26 00:00:00,N,1.2155230,1.1910662,1.8275719,1.4330188
2019-03-21 00:00:00,N,1.0336421,1.1137209,1.6309045,1.2941024
2017-07-21 00:00:00,N,1.1154975,1.1653695,1.1161917,1.1264515
2018-05-28 00:00:00,N,1.0344757,1.3881110,1.2065015,1.2405205
2017-03-03 00:00:00,N,1.1097236,1.1506231,1.3769951,1.3508785
2016-06-22 00:00:00,N,1.1699519,1.1024135,1.1698861,1.2686609
2018-12-11 00:00:00,N,.9273485,1.1659394,1.1455103,1.1920463
2018-07-24 00:00:00,N,1.0547996,1.3800686,1.1927759,1.1883848
2016-02-03 00:00:00,N,1.1711527,1.3964905,1.4794991,1.3367772
2016-08-18 00:00:00,N,1.1750031,1.3628456,2.0842584,1.3238698
2019-02-06 00:00:00,N,.9928509,1.6058523,1.3385486,1.2273227
2018-09-19 00:00:00,N,1.1510334,1.1268400,1.2451324,1.2243118
2016-10-14 00:00:00,N,1.0613535,1.1552411,1.1676087,1.2658394
2019-04-04 00:00:00,N,1.1203790,1.1102014,1.1352081,1.4099711
2018-01-08 00:00:00,N,1.0410639,1.6913354,1.1636307,1.1732070
2018-11-15 00:00:00,N,1.0876594,1.1533449,1.9970836,1.1858617
2017-08-21 00:00:00,N,1.0333653,1.2332054,1.2739733,1.1699068
2018-03-06 00:00:00,N,1.1501704,1.0977462,1.1924161,1.1642446
2016-02-17 00:00:00,N,1.2415556,4.5010989,1.5785148,1.3188940
2017-10-17 00:00:00,N,1.1193886,1.1573016,1.2778893,1.1900314
2019-01-11 00:00:00,N,1.0708986,1.3211448,1.2657284,1.1944164
2018-05-02 00:00:00,N,1.2214530,1.1508427,1.2464810,1.2159299
2016-04-14 00:00:00,N,1.1482829,1.2447724,1.4457061,1.4468765
2017-12-13 00:00:00,N,1.0379886,1.0897693,1.1619086,1.1804829
2018-06-28 00:00:00,N,1.0609801,1.0737425,1.2097323,1.1982131
2016-10-28 00:00:00,N,.9813979,1.2229699,1.2281405,1.2444920
2016-06-10 00:00:00,N,1.2497592,1.1704944,1.2803071,1.3707258
2018-02-08 00:00:00,N,1.0798684,1.1390327,1.2106657,1.1832477
2018-08-24 00:00:00,N,1.0424901,1.2431163,1.3180720,1.2290867
2017-12-27 00:00:00,N,1.1898358,1.2361848,1.1471619,1.1731575
2016-01-22 00:00:00,N,1.1403529,1.3170339,1.3785656,1.2772580
2017-04-17 00:00:00,N,1.1046327,1.0607480,1.1078010,1.4764590
2016-11-28 00:00:00,N,1.1866515,1.1772045,1.2399473,1.2433911
2018-02-22 00:00:00,N,1.0147536,1.1333939,1.2939835,1.1690754
2017-06-13 00:00:00,N,1.1332525,1.0372728,1.3751540,1.2299521
2019-02-11 00:00:00,N,.9846077,.9610147,1.3251951,1.2129974
2018-04-20 00:00:00,N,1.1024664,1.3206727,1.1855757,1.2459416
2017-01-24 00:00:00,N,1.1476430,1.3589697,1.4675009,1.2673419
2019-04-09 00:00:00,N,1.0871118,1.1682216,1.6306771,1.3602152
2017-08-09 00:00:00,N,.9843222,1.5717223,1.3104228,1.1848909
2017-03-22 00:00:00,N,1.0922771,1.1467665,1.6733387,1.4085213
2016-07-11 00:00:00,N,1.0168984,1.1560036,1.3003077,1.2822020
2017-10-05 00:00:00,N,.9977237,1.1567347,1.1098461,1.1566186
2017-05-18 00:00:00,N,1.0416775,1.1054332,1.1065092,1.2095472
2016-09-06 00:00:00,N,1.2121625,1.1803841,1.2887402,1.3209656
2017-12-01 00:00:00,N,1.1673054,1.3020871,1.2538694,1.1748110
2019-02-25 00:00:00,N,.9992470,1.2164015,1.3835254,1.2783892
2018-10-08 00:00:00,N,.9713088,1.0175885,1.2243891,1.2567630
2017-07-14 00:00:00,N,1.2801528,1.1567549,1.1554446,1.1366787
2016-11-02 00:00:00,N,1.2393416,1.2295887,1.2091583,1.2333431
2018-12-04 00:00:00,N,1.0722529,1.1202041,1.9206672,1.1633118
2016-12-29 00:00:00,N,1.1503390,1.3332274,1.2269239,1.2133955
2016-03-07 00:00:00,N,1.1160981,1.2284523,1.3497734,1.3145674
2019-01-30 00:00:00,N,1.1257129,1.1326662,1.2876973,1.2309220
2018-05-21 00:00:00,N,.9954895,1.2888017,1.1959183,1.2173317
2017-02-24 00:00:00,N,1.0360028,1.2433511,1.3168480,1.3379477
2016-05-03 00:00:00,N,1.1268627,1.1968198,1.1414157,1.4303513
2019-03-28 00:00:00,N,1.0125920,1.2168821,1.6217332,1.3467519
2018-01-01 00:00:00,N,1.0634522,1.2007877,1.1364474,1.1763361
2016-11-16 00:00:00,N,1.2512990,1.3147247,1.1939035,1.2042833
2018-07-17 00:00:00,N,1.1418809,1.1172625,1.2143604,1.2168074
2016-06-29 00:00:00,N,1.2371561,1.1789996,1.1346632,1.2621649
2018-02-27 00:00:00,N,1.0948333,1.2166341,1.1964006,1.1683847
2018-09-12 00:00:00,N,1.1813288,1.3222340,1.3465599,1.2485897
2017-01-12 00:00:00,N,1.0614745,1.0733122,1.2875963,1.2313548
2016-08-25 00:00:00,N,1.0859278,1.1903698,1.3787651,1.3018076
2017-03-10 00:00:00,N,1.2299438,1.2746564,1.6456759,1.3665890
2016-10-21 00:00:00,N,1.0394821,1.1430784,1.2438297,1.2722047
2018-01-15 00:00:00,N,1.0556387,1.1299731,1.1552232,1.1596180
2016-02-10 00:00:00,N,1.1571888,1.5440100,1.3934648,1.3224239
2019-01-04 00:00:00,N,1.0588647,1.2312625,1.2722384,1.1481873
2018-03-13 00:00:00,N,1.1596714,1.0688787,1.2839932,1.2020929
2016-04-07 00:00:00,N,1.3579906,1.2032235,1.4910128,1.3832776
2018-05-09 00:00:00,N,1.0058015,1.1110034,1.2623737,1.2205188
2016-06-03 00:00:00,N,1.0341889,1.2764429,1.4438190,1.4479058
2017-08-28 00:00:00,N,1.0747849,1.9108606,1.2068463,1.1622271
2018-07-05 00:00:00,N,1.1376504,1.1237060,1.2090623,1.1924625
2016-01-15 00:00:00,N,1.4202158,1.4175380,1.5260549,1.4657860
2017-04-10 00:00:00,N,1.0149169,1.1753242,1.1878048,1.4482044
2017-10-24 00:00:00,N,1.1965295,1.1504214,1.2467388,1.1871118
2019-01-18 00:00:00,N,1.0710506,1.2933369,1.1852970,1.2401286
2018-08-31 00:00:00,N,1.0330833,1.1780653,1.3959082,1.2274443
2017-06-06 00:00:00,N,1.1003024,1.1232345,1.1882780,1.2111811
2017-12-20 00:00:00,N,1.0597848,1.3183186,1.1640201,1.1735910
2017-08-02 00:00:00,N,1.1458063,1.1837461,1.2002961,1.1635063
2016-11-21 00:00:00,N,1.1212670,1.2256671,1.2057592,1.2088787
2018-02-15 00:00:00,N,.9558789,1.3447791,1.3856567,1.1654557
2016-01-29 00:00:00,N,1.2624641,1.2265300,1.4747778,1.3623690
2017-09-28 00:00:00,N,1.0122418,1.1296036,1.1403390,1.1525139
2017-01-17 00:00:00,N,1.2218708,1.2678623,1.4174827,1.2415856
2018-04-13 00:00:00,N,1.1086652,1.3262660,1.1753410,1.2158581
2017-11-24 00:00:00,N,1.4943163,1.3278263,1.2155639,1.1862503
2019-02-18 00:00:00,N,.9228287,.9561120,1.3561547,1.2072823
2016-12-05 00:00:00,N,1.1342078,1.1359613,1.2122657,1.2288317
2016-07-18 00:00:00,N,1.1721462,1.1764939,1.3085324,1.2544569
2017-01-31 00:00:00,N,.9922534,1.1097753,1.5964478,1.3068396
2018-10-01 00:00:00,N,1.0707630,1.1269676,1.2369990,1.2448825
